/*
Navicat MySQL Data Transfer

Source Server         : lunlun
Source Server Version : 50614
Source Host           : localhost:3306
Source Database       : dormsystem

Target Server Type    : MYSQL
Target Server Version : 50614
File Encoding         : 65001

Date: 2018-03-18 17:40:49
*/

SET FOREIGN_KEY_CHECKS=0;

-- ----------------------------
-- Table structure for `administrator`
-- ----------------------------
DROP TABLE IF EXISTS `administrator`;
CREATE TABLE `administrator` (
  `id` varchar(255) NOT NULL,
  `realName` varchar(255) DEFAULT NULL,
  `password` varchar(255) DEFAULT NULL,
  `tel` varchar(255) DEFAULT NULL,
  PRIMARY KEY (`id`)
) ENGINE=InnoDB DEFAULT CHARSET=utf8;

-- ----------------------------
-- Records of administrator
-- ----------------------------
INSERT INTO `administrator` VALUES ('1001', '张三', '1001', '13777625389');

-- ----------------------------
-- Table structure for `application`
-- ----------------------------
DROP TABLE IF EXISTS `application`;
CREATE TABLE `application` (
  `id` int(11) NOT NULL AUTO_INCREMENT,
  `stuId` varchar(225) DEFAULT NULL,
  `reason` text,
  `oldDormId` int(11) DEFAULT NULL,
  `newDormId` int(11) DEFAULT NULL,
  `state` varchar(20) DEFAULT NULL,
  `deptIdea` text,
  `dsIdea` text,
  `operate` int(11) DEFAULT NULL,
  PRIMARY KEY (`id`),
  KEY `FK5CA405503404EF16` (`stuId`),
  KEY `FK5CA40550E790E5B9` (`oldDormId`),
  KEY `FK5CA40550693AA272` (`newDormId`),
  CONSTRAINT `FK5CA405503404EF16` FOREIGN KEY (`stuId`) REFERENCES `student` (`id`),
  CONSTRAINT `FK5CA40550693AA272` FOREIGN KEY (`newDormId`) REFERENCES `dormitory` (`id`),
  CONSTRAINT `FK5CA40550E790E5B9` FOREIGN KEY (`oldDormId`) REFERENCES `dormitory` (`id`)
) ENGINE=InnoDB AUTO_INCREMENT=5 DEFAULT CHARSET=utf8;

-- ----------------------------
-- Records of application
-- ----------------------------
INSERT INTO `application` VALUES ('1', '1150299006', null, '2', null, '待审核', null, null, '0');
INSERT INTO `application` VALUES ('2', '1150299010', null, '3', null, '待审核', null, null, '0');
INSERT INTO `application` VALUES ('3', '1150299014', null, '4', null, '已审核', null, null, '1');
INSERT INTO `application` VALUES ('4', '1150299007', null, '4', null, '已审核', null, null, '0');

-- ----------------------------
-- Table structure for `building`
-- ----------------------------
DROP TABLE IF EXISTS `building`;
CREATE TABLE `building` (
  `id` int(11) NOT NULL,
  `aptName` varchar(255) DEFAULT NULL,
  `buildingNo` int(11) DEFAULT NULL,
  `staff` varchar(255) DEFAULT NULL,
  `size` int(20) DEFAULT NULL,
  `freeDormNum` int(20) DEFAULT NULL,
  `dormNum` int(20) DEFAULT NULL,
  `type` varchar(10) DEFAULT NULL,
  PRIMARY KEY (`id`),
  UNIQUE KEY `staff` (`staff`),
  KEY `FKAABA12B4AAAF174C` (`staff`),
  CONSTRAINT `FKAABA12B4AAAF174C` FOREIGN KEY (`staff`) REFERENCES `staff` (`id`)
) ENGINE=InnoDB DEFAULT CHARSET=utf8;

-- ----------------------------
-- Records of building
-- ----------------------------
INSERT INTO `building` VALUES ('1', '东和', '1', '1001', '5', '50', '150', '男');
INSERT INTO `building` VALUES ('2', '东和', '2', '1002', '5', '6', '150', '男');
INSERT INTO `building` VALUES ('3', '东和', '3', '1003', '5', '23', '150', '男');
INSERT INTO `building` VALUES ('4', '东和', '4', '1004', '5', '30', '150', '男');
INSERT INTO `building` VALUES ('5', '东和', '5', '1005', '5', '40', '150', '女');
INSERT INTO `building` VALUES ('6', '东和', '6', '1006', '5', '50', '150', '女');
INSERT INTO `building` VALUES ('7', '东和', '7', '1007', '5', '12', '150', '女');
INSERT INTO `building` VALUES ('8', '东和', '8', '1008', '4', '13', '150', '男');
INSERT INTO `building` VALUES ('9', '东和', '9', '1009', '5', '7', '150', '女');
INSERT INTO `building` VALUES ('10', '西和', '1', '2001', '4', '10', '120', '男');
INSERT INTO `building` VALUES ('11', '西和', '2', '2002', '4', '20', '120', '男');
INSERT INTO `building` VALUES ('12', '西和', '3', '2003', '4', '30', '120', '男');
INSERT INTO `building` VALUES ('13', '西和', '4', '2004', '4', '50', '120', '男');
INSERT INTO `building` VALUES ('14', '西和', '5', '2005', '4', '40', '120', '女');
INSERT INTO `building` VALUES ('15', '西和', '6', '2006', '4', '47', '120', '女');
INSERT INTO `building` VALUES ('16', '西和', '7', '2007', '4', '12', '120', '男');
INSERT INTO `building` VALUES ('17', '西和', '8', '2008', '4', '32', '120', '女');
INSERT INTO `building` VALUES ('18', '西和', '9', '2009', '4', '15', '120', '女');
INSERT INTO `building` VALUES ('19', '西和', '10', '2010', '4', '15', '120', '女');
INSERT INTO `building` VALUES ('20', '西和', '11', '2011', '4', '20', '120', '男');
INSERT INTO `building` VALUES ('21', '西和', '12', '2012', '4', '60', '120', '男');
INSERT INTO `building` VALUES ('22', '西和', '13', '2013', '4', '12', '120', '男');
INSERT INTO `building` VALUES ('23', '西和', '14', '2014', '4', '36', '120', '男');
INSERT INTO `building` VALUES ('24', '西和', '15', '2015', '4', '58', '120', '男');

-- ----------------------------
-- Table structure for `dormitory`
-- ----------------------------
DROP TABLE IF EXISTS `dormitory`;
CREATE TABLE `dormitory` (
  `id` int(11) NOT NULL,
  `pNum` int(11) DEFAULT NULL,
  `roomNo` varchar(255) DEFAULT NULL,
  `capacity` int(11) DEFAULT NULL,
  `leaderId` varchar(255) DEFAULT NULL,
  `buildId` int(11) DEFAULT NULL,
  PRIMARY KEY (`id`),
  UNIQUE KEY `leaderId` (`leaderId`),
  KEY `FK43E27DA5CA6E75B1` (`buildId`),
  KEY `FK43E27DA58A8514AB` (`leaderId`),
  CONSTRAINT `FK43E27DA58A8514AB` FOREIGN KEY (`leaderId`) REFERENCES `student` (`id`),
  CONSTRAINT `FK43E27DA5CA6E75B1` FOREIGN KEY (`buildId`) REFERENCES `building` (`id`)
) ENGINE=InnoDB DEFAULT CHARSET=utf8;

-- ----------------------------
-- Records of dormitory
-- ----------------------------
INSERT INTO `dormitory` VALUES ('1', '-4', '101', '4', null, '8');
INSERT INTO `dormitory` VALUES ('2', '2', '102', '4', null, '8');
INSERT INTO `dormitory` VALUES ('3', '3', '103', '4', null, '8');
INSERT INTO `dormitory` VALUES ('4', '3', '104', '4', null, '8');
INSERT INTO `dormitory` VALUES ('5', '3', '105', '4', null, '8');
INSERT INTO `dormitory` VALUES ('6', '3', '106', '4', null, '8');
INSERT INTO `dormitory` VALUES ('7', '3', '107', '4', null, '8');
INSERT INTO `dormitory` VALUES ('8', '3', '108', '4', null, '8');
INSERT INTO `dormitory` VALUES ('9', '3', '109', '4', null, '8');
INSERT INTO `dormitory` VALUES ('10', '3', '110', '4', null, '8');
INSERT INTO `dormitory` VALUES ('11', '3', '111', '4', null, '8');
INSERT INTO `dormitory` VALUES ('12', '0', '112', '4', null, '8');
INSERT INTO `dormitory` VALUES ('13', '0', '113', '4', null, '8');
INSERT INTO `dormitory` VALUES ('14', '0', '114', '4', null, '8');
INSERT INTO `dormitory` VALUES ('15', '0', '115', '4', null, '8');
INSERT INTO `dormitory` VALUES ('16', '4', '116', '4', null, '8');
INSERT INTO `dormitory` VALUES ('17', '4', '117', '4', null, '8');
INSERT INTO `dormitory` VALUES ('18', '4', '118', '4', null, '8');
INSERT INTO `dormitory` VALUES ('19', '4', '119', '4', null, '8');
INSERT INTO `dormitory` VALUES ('20', '4', '120', '4', null, '8');
INSERT INTO `dormitory` VALUES ('21', '4', '121', '4', null, '8');
INSERT INTO `dormitory` VALUES ('22', '4', '122', '4', null, '8');
INSERT INTO `dormitory` VALUES ('23', '4', '123', '4', null, '8');
INSERT INTO `dormitory` VALUES ('24', '4', '124', '4', null, '8');
INSERT INTO `dormitory` VALUES ('25', '4', '125', '4', null, '8');
INSERT INTO `dormitory` VALUES ('26', '4', '126', '4', null, '8');
INSERT INTO `dormitory` VALUES ('27', '4', '127', '4', null, '8');
INSERT INTO `dormitory` VALUES ('28', '4', '128', '4', null, '8');
INSERT INTO `dormitory` VALUES ('29', '4', '129', '4', null, '8');
INSERT INTO `dormitory` VALUES ('30', '4', '130', '4', null, '8');
INSERT INTO `dormitory` VALUES ('31', '4', '201', '4', null, '8');
INSERT INTO `dormitory` VALUES ('32', '4', '202', '4', null, '8');
INSERT INTO `dormitory` VALUES ('33', '4', '203', '4', null, '8');
INSERT INTO `dormitory` VALUES ('34', '4', '204', '4', null, '8');
INSERT INTO `dormitory` VALUES ('35', '4', '205', '4', null, '8');
INSERT INTO `dormitory` VALUES ('36', '4', '206', '4', null, '8');
INSERT INTO `dormitory` VALUES ('37', '4', '207', '4', null, '8');
INSERT INTO `dormitory` VALUES ('38', '4', '208', '4', null, '8');
INSERT INTO `dormitory` VALUES ('39', '4', '209', '4', null, '8');
INSERT INTO `dormitory` VALUES ('40', '4', '210', '4', null, '8');
INSERT INTO `dormitory` VALUES ('41', '4', '211', '4', null, '8');
INSERT INTO `dormitory` VALUES ('42', '4', '212', '4', null, '8');
INSERT INTO `dormitory` VALUES ('43', '4', '213', '4', null, '8');
INSERT INTO `dormitory` VALUES ('44', '4', '214', '4', null, '8');
INSERT INTO `dormitory` VALUES ('45', '4', '215', '4', null, '8');
INSERT INTO `dormitory` VALUES ('46', '4', '216', '4', null, '8');
INSERT INTO `dormitory` VALUES ('47', '4', '217', '4', null, '8');
INSERT INTO `dormitory` VALUES ('48', '4', '218', '4', null, '8');
INSERT INTO `dormitory` VALUES ('49', '4', '219', '4', null, '8');
INSERT INTO `dormitory` VALUES ('50', '4', '220', '4', null, '8');
INSERT INTO `dormitory` VALUES ('51', '4', '221', '4', null, '8');
INSERT INTO `dormitory` VALUES ('52', '4', '222', '4', null, '8');
INSERT INTO `dormitory` VALUES ('53', '4', '223', '4', null, '8');
INSERT INTO `dormitory` VALUES ('54', '4', '224', '4', null, '8');
INSERT INTO `dormitory` VALUES ('55', '4', '225', '4', null, '8');
INSERT INTO `dormitory` VALUES ('56', '4', '226', '4', null, '8');
INSERT INTO `dormitory` VALUES ('57', '4', '227', '4', null, '8');
INSERT INTO `dormitory` VALUES ('58', '4', '228', '0', null, '8');
INSERT INTO `dormitory` VALUES ('59', '4', '229', '0', null, '8');
INSERT INTO `dormitory` VALUES ('60', '4', '230', '0', null, '8');
INSERT INTO `dormitory` VALUES ('61', '4', '301', '0', null, '8');
INSERT INTO `dormitory` VALUES ('62', '4', '302', '0', null, '8');
INSERT INTO `dormitory` VALUES ('63', '4', '303', '0', null, '8');
INSERT INTO `dormitory` VALUES ('64', '4', '304', '0', null, '8');
INSERT INTO `dormitory` VALUES ('65', '4', '305', '4', null, '8');
INSERT INTO `dormitory` VALUES ('66', '4', '306', '4', null, '8');
INSERT INTO `dormitory` VALUES ('67', '4', '307', '4', null, '8');
INSERT INTO `dormitory` VALUES ('68', '4', '308', '4', null, '8');
INSERT INTO `dormitory` VALUES ('69', '4', '309', '4', null, '8');
INSERT INTO `dormitory` VALUES ('70', '4', '310', '4', null, '8');
INSERT INTO `dormitory` VALUES ('71', '4', '311', '4', null, '8');
INSERT INTO `dormitory` VALUES ('72', '4', '312', '4', null, '8');
INSERT INTO `dormitory` VALUES ('73', '4', '313', '4', null, '8');
INSERT INTO `dormitory` VALUES ('74', '4', '314', '4', null, '8');
INSERT INTO `dormitory` VALUES ('75', '4', '315', '4', null, '8');
INSERT INTO `dormitory` VALUES ('76', '4', '316', '4', null, '8');
INSERT INTO `dormitory` VALUES ('77', '4', '317', '4', null, '8');
INSERT INTO `dormitory` VALUES ('78', '4', '318', '4', null, '8');
INSERT INTO `dormitory` VALUES ('79', '4', '319', '4', null, '8');
INSERT INTO `dormitory` VALUES ('80', '4', '320', '4', null, '8');
INSERT INTO `dormitory` VALUES ('81', '4', '321', '4', null, '8');
INSERT INTO `dormitory` VALUES ('82', '4', '322', '4', null, '8');
INSERT INTO `dormitory` VALUES ('83', '4', '323', '4', null, '8');
INSERT INTO `dormitory` VALUES ('84', '4', '324', '4', null, '8');
INSERT INTO `dormitory` VALUES ('85', '4', '325', '4', null, '8');
INSERT INTO `dormitory` VALUES ('86', '4', '326', '4', null, '8');
INSERT INTO `dormitory` VALUES ('87', '4', '327', '4', null, '8');
INSERT INTO `dormitory` VALUES ('88', '4', '328', '4', null, '8');
INSERT INTO `dormitory` VALUES ('89', '4', '329', '4', null, '8');
INSERT INTO `dormitory` VALUES ('90', '4', '330', '4', null, '8');
INSERT INTO `dormitory` VALUES ('91', '4', '401', '4', null, '8');
INSERT INTO `dormitory` VALUES ('92', '4', '402', '4', null, '8');
INSERT INTO `dormitory` VALUES ('93', '4', '403', '4', null, '8');
INSERT INTO `dormitory` VALUES ('94', '4', '404', '4', null, '8');
INSERT INTO `dormitory` VALUES ('95', '4', '405', '4', null, '8');
INSERT INTO `dormitory` VALUES ('96', '4', '406', '4', null, '8');
INSERT INTO `dormitory` VALUES ('97', '4', '407', '4', null, '8');
INSERT INTO `dormitory` VALUES ('98', '4', '408', '4', null, '8');
INSERT INTO `dormitory` VALUES ('99', '4', '409', '4', null, '8');
INSERT INTO `dormitory` VALUES ('100', '4', '410', '4', null, '8');
INSERT INTO `dormitory` VALUES ('101', '4', '411', '4', null, '8');
INSERT INTO `dormitory` VALUES ('102', '4', '412', '4', null, '8');
INSERT INTO `dormitory` VALUES ('103', '4', '413', '4', null, '8');
INSERT INTO `dormitory` VALUES ('104', '4', '414', '4', null, '8');
INSERT INTO `dormitory` VALUES ('105', '0', '415', '4', null, '8');
INSERT INTO `dormitory` VALUES ('106', '4', '416', '4', null, '8');
INSERT INTO `dormitory` VALUES ('107', '3', '417', '4', null, '8');
INSERT INTO `dormitory` VALUES ('108', '4', '418', '4', null, '8');
INSERT INTO `dormitory` VALUES ('109', '4', '419', '4', null, '8');
INSERT INTO `dormitory` VALUES ('110', '3', '420', '4', null, '8');
INSERT INTO `dormitory` VALUES ('111', '4', '421', '4', null, '8');
INSERT INTO `dormitory` VALUES ('112', '4', '422', '4', null, '8');
INSERT INTO `dormitory` VALUES ('113', '3', '423', '4', null, '8');
INSERT INTO `dormitory` VALUES ('114', '0', '424', '4', null, '8');
INSERT INTO `dormitory` VALUES ('115', '0', '425', '4', null, '8');
INSERT INTO `dormitory` VALUES ('116', '0', '426', '4', null, '8');
INSERT INTO `dormitory` VALUES ('117', '-2', '427', '4', null, '15');
INSERT INTO `dormitory` VALUES ('118', '4', '428', '4', null, '15');
INSERT INTO `dormitory` VALUES ('119', '3', '429', '4', null, '15');
INSERT INTO `dormitory` VALUES ('120', '0', '430', '4', null, '15');

-- ----------------------------
-- Table structure for `equipment`
-- ----------------------------
DROP TABLE IF EXISTS `equipment`;
CREATE TABLE `equipment` (
  `id` int(11) NOT NULL AUTO_INCREMENT,
  `thingsName` varchar(255) DEFAULT NULL,
  `borrowTime` datetime DEFAULT NULL,
  `returnTime` datetime DEFAULT NULL,
  `stuId` varchar(255) DEFAULT NULL,
  `buildId` int(11) DEFAULT NULL,
  PRIMARY KEY (`id`) USING BTREE,
  KEY `FK4027E58E3404EF16` (`stuId`) USING BTREE,
  KEY `buildingId` (`buildId`) USING BTREE,
  KEY `stuId` (`stuId`) USING BTREE,
  CONSTRAINT `equipment_ibfk_1` FOREIGN KEY (`buildId`) REFERENCES `building` (`id`) ON DELETE CASCADE ON UPDATE CASCADE,
  CONSTRAINT `FK4027E58E3404EF16` FOREIGN KEY (`stuId`) REFERENCES `student` (`id`)
) ENGINE=InnoDB AUTO_INCREMENT=18 DEFAULT CHARSET=utf8 ROW_FORMAT=DYNAMIC;

-- ----------------------------
-- Records of equipment
-- ----------------------------
INSERT INTO `equipment` VALUES ('1', '针线', '2017-12-21 00:00:00', '2017-12-23 16:22:16', '1150299043', '8');
INSERT INTO `equipment` VALUES ('2', '针线', '2017-12-21 00:00:00', '2017-12-23 15:34:27', '1150299043', '8');
INSERT INTO `equipment` VALUES ('3', '打气筒', '2017-12-06 19:34:06', '2017-12-22 19:34:09', '1150299043', '8');
INSERT INTO `equipment` VALUES ('4', '打气筒', '2017-12-06 19:34:06', '2017-12-22 19:34:09', '1150299043', '8');
INSERT INTO `equipment` VALUES ('5', '打气筒', '2017-12-06 19:34:06', '2017-12-22 19:34:09', '1150299043', '8');
INSERT INTO `equipment` VALUES ('6', '打气筒', '2017-12-06 19:34:06', '2017-12-22 19:34:09', '1150299043', '8');
INSERT INTO `equipment` VALUES ('7', '针线', '2017-12-21 22:07:18', null, '1150299043', '8');
INSERT INTO `equipment` VALUES ('8', '打气筒', '2017-12-06 19:34:06', '2017-12-22 19:34:09', '1150299043', '8');
INSERT INTO `equipment` VALUES ('9', '打气筒', '2017-12-06 19:34:06', '2017-12-22 19:34:09', '1150299043', '8');
INSERT INTO `equipment` VALUES ('10', '打气筒', '2017-12-06 19:34:06', '2017-12-22 19:34:09', '1150299043', '8');
INSERT INTO `equipment` VALUES ('11', '针线', '2017-12-21 22:07:18', null, '1150299043', '8');
INSERT INTO `equipment` VALUES ('12', '钥匙', '2017-12-23 17:59:11', null, '1150299043', '8');
INSERT INTO `equipment` VALUES ('14', '垃圾袋', '2017-12-23 18:25:27', null, '1150299043', '8');
INSERT INTO `equipment` VALUES ('17', '垃圾袋', '2017-12-23 19:07:48', '2018-01-07 18:21:57', '1150299043', '8');

-- ----------------------------
-- Table structure for `hygienegrades`
-- ----------------------------
DROP TABLE IF EXISTS `hygienegrades`;
CREATE TABLE `hygienegrades` (
  `id` int(11) NOT NULL AUTO_INCREMENT,
  `date` datetime DEFAULT NULL,
  `grade` int(11) DEFAULT NULL,
  `remarks` varchar(255) DEFAULT NULL,
  `dormId` int(11) DEFAULT NULL,
  `buildId` int(11) DEFAULT NULL,
  PRIMARY KEY (`id`) USING BTREE,
  KEY `FK5922CF0520F6B0D2` (`dormId`) USING BTREE,
  KEY `buildId` (`buildId`) USING BTREE,
  CONSTRAINT `FK5922CF0520F6B0D2` FOREIGN KEY (`dormId`) REFERENCES `dormitory` (`id`),
  CONSTRAINT `hygienegrades_ibfk_1` FOREIGN KEY (`buildId`) REFERENCES `building` (`id`) ON DELETE CASCADE ON UPDATE CASCADE
) ENGINE=InnoDB AUTO_INCREMENT=24 DEFAULT CHARSET=utf8 ROW_FORMAT=DYNAMIC;

-- ----------------------------
-- Records of hygienegrades
-- ----------------------------
INSERT INTO `hygienegrades` VALUES ('1', '2018-01-06 18:48:29', '0', '80', '3', '8');
INSERT INTO `hygienegrades` VALUES ('2', '2018-01-06 16:08:48', '0', '75', '4', '8');
INSERT INTO `hygienegrades` VALUES ('5', '2018-01-06 16:31:18', '0', '76', '13', '8');
INSERT INTO `hygienegrades` VALUES ('6', '2017-12-25 16:31:45', '0', '90', '6', '8');
INSERT INTO `hygienegrades` VALUES ('10', '2018-01-06 18:27:50', '0', '22', '19', '8');
INSERT INTO `hygienegrades` VALUES ('11', '2018-01-06 20:20:43', '0', '78', '14', '8');
INSERT INTO `hygienegrades` VALUES ('12', '2018-01-06 20:20:43', '0', '65', '15', '8');
INSERT INTO `hygienegrades` VALUES ('13', '2018-01-06 21:48:14', '0', '67', '17', '8');
INSERT INTO `hygienegrades` VALUES ('14', '2018-01-06 21:48:14', '0', '22', '27', '8');
INSERT INTO `hygienegrades` VALUES ('15', '2018-01-06 21:51:22', '0', '77', '7', '8');
INSERT INTO `hygienegrades` VALUES ('16', '2018-01-06 21:52:19', '0', '87', '22', '8');
INSERT INTO `hygienegrades` VALUES ('17', '2018-01-06 21:52:26', '0', '98', '12', '8');
INSERT INTO `hygienegrades` VALUES ('18', '2018-01-06 21:52:52', '0', '90', '6', '8');
INSERT INTO `hygienegrades` VALUES ('19', '2018-01-06 21:53:30', '0', '87', '20', '8');
INSERT INTO `hygienegrades` VALUES ('20', '2018-01-06 21:57:30', '0', '76', '42', '8');
INSERT INTO `hygienegrades` VALUES ('21', '2018-01-09 11:13:03', '0', '76', '31', '8');
INSERT INTO `hygienegrades` VALUES ('22', '2018-01-09 11:13:03', '0', '87', '32', '8');
INSERT INTO `hygienegrades` VALUES ('23', '2018-01-09 11:13:03', '0', '77', '33', '8');

-- ----------------------------
-- Table structure for `intention`
-- ----------------------------
DROP TABLE IF EXISTS `intention`;
CREATE TABLE `intention` (
  `id` varchar(225) NOT NULL DEFAULT '',
  `choice` varchar(225) DEFAULT NULL,
  `score` int(100) unsigned zerofill DEFAULT NULL,
  `groupNo` varchar(10) DEFAULT NULL,
  PRIMARY KEY (`id`)
) ENGINE=InnoDB DEFAULT CHARSET=utf8;

-- ----------------------------
-- Records of intention
-- ----------------------------
INSERT INTO `intention` VALUES ('1150299001', 'TTFTT', '0000000000000000000000000000000000000000000000000000000000000000000000000000000000000000000000000027', null);
INSERT INTO `intention` VALUES ('1150299002', 'TFTTF', '0000000000000000000000000000000000000000000000000000000000000000000000000000000000000000000000000022', 's7');
INSERT INTO `intention` VALUES ('1150299003', 'TTFTT', '0000000000000000000000000000000000000000000000000000000000000000000000000000000000000000000000000027', null);
INSERT INTO `intention` VALUES ('1150299004', 'TFTTT', '0000000000000000000000000000000000000000000000000000000000000000000000000000000000000000000000000023', 's4');
INSERT INTO `intention` VALUES ('1150299005', 'TTFTF', '0000000000000000000000000000000000000000000000000000000000000000000000000000000000000000000000000026', 's4');
INSERT INTO `intention` VALUES ('1150299006', 'TFTTF', '0000000000000000000000000000000000000000000000000000000000000000000000000000000000000000000000000022', 's3');
INSERT INTO `intention` VALUES ('1150299007', 'FFFTT', '0000000000000000000000000000000000000000000000000000000000000000000000000000000000000000000000000003', 's9');
INSERT INTO `intention` VALUES ('1150299008', 'TFFTF', '0000000000000000000000000000000000000000000000000000000000000000000000000000000000000000000000000018', 's8');
INSERT INTO `intention` VALUES ('1150299009', 'TTFFT', '0000000000000000000000000000000000000000000000000000000000000000000000000000000000000000000000000025', 's4');
INSERT INTO `intention` VALUES ('1150299010', 'TFTFF', '0000000000000000000000000000000000000000000000000000000000000000000000000000000000000000000000000020', 's3');
INSERT INTO `intention` VALUES ('1150299011', 'FFFTT', '0000000000000000000000000000000000000000000000000000000000000000000000000000000000000000000000000003', 's9');
INSERT INTO `intention` VALUES ('1150299012', 'TFTTF', '0000000000000000000000000000000000000000000000000000000000000000000000000000000000000000000000000022', 's8');
INSERT INTO `intention` VALUES ('1150299013', 'TTFTT', '0000000000000000000000000000000000000000000000000000000000000000000000000000000000000000000000000027', 's2');
INSERT INTO `intention` VALUES ('1150299014', 'TFTTF', '0000000000000000000000000000000000000000000000000000000000000000000000000000000000000000000000000022', 's2');
INSERT INTO `intention` VALUES ('1150299015', 'TTFTT', '0000000000000000000000000000000000000000000000000000000000000000000000000000000000000000000000000027', 's1');
INSERT INTO `intention` VALUES ('1150299016', 'TFTTF', '0000000000000000000000000000000000000000000000000000000000000000000000000000000000000000000000000022', 's2');
INSERT INTO `intention` VALUES ('1150299017', 'TTFTT', '0000000000000000000000000000000000000000000000000000000000000000000000000000000000000000000000000027', 's3');
INSERT INTO `intention` VALUES ('1150299018', 'TFTTF', '0000000000000000000000000000000000000000000000000000000000000000000000000000000000000000000000000022', 's2');
INSERT INTO `intention` VALUES ('1150299019', 'TTFTT', '0000000000000000000000000000000000000000000000000000000000000000000000000000000000000000000000000027', 's1');
INSERT INTO `intention` VALUES ('1150299020', 'TFTTF', '0000000000000000000000000000000000000000000000000000000000000000000000000000000000000000000000000022', null);
INSERT INTO `intention` VALUES ('1150299021', 'TTFTT', '0000000000000000000000000000000000000000000000000000000000000000000000000000000000000000000000000027', null);
INSERT INTO `intention` VALUES ('1150299022', 'TFTTF', '0000000000000000000000000000000000000000000000000000000000000000000000000000000000000000000000000022', null);
INSERT INTO `intention` VALUES ('1150299023', 'TTFTT', '0000000000000000000000000000000000000000000000000000000000000000000000000000000000000000000000000027', null);
INSERT INTO `intention` VALUES ('1150299024', 'TFTTT', '0000000000000000000000000000000000000000000000000000000000000000000000000000000000000000000000000023', null);
INSERT INTO `intention` VALUES ('1150299025', 'TTFTF', '0000000000000000000000000000000000000000000000000000000000000000000000000000000000000000000000000026', null);
INSERT INTO `intention` VALUES ('1150299026', 'TFTTF', '0000000000000000000000000000000000000000000000000000000000000000000000000000000000000000000000000022', null);
INSERT INTO `intention` VALUES ('1150299027', 'FFFTT', '0000000000000000000000000000000000000000000000000000000000000000000000000000000000000000000000000003', null);
INSERT INTO `intention` VALUES ('1150299028', 'TFFTF', '0000000000000000000000000000000000000000000000000000000000000000000000000000000000000000000000000018', null);
INSERT INTO `intention` VALUES ('1150299029', 'TTFFT', '0000000000000000000000000000000000000000000000000000000000000000000000000000000000000000000000000025', null);
INSERT INTO `intention` VALUES ('1150299030', 'TFTFF', '0000000000000000000000000000000000000000000000000000000000000000000000000000000000000000000000000020', null);
INSERT INTO `intention` VALUES ('1150299031', 'FFFTT', '0000000000000000000000000000000000000000000000000000000000000000000000000000000000000000000000000003', null);
INSERT INTO `intention` VALUES ('1150299032', 'TFTTF', '0000000000000000000000000000000000000000000000000000000000000000000000000000000000000000000000000022', null);
INSERT INTO `intention` VALUES ('1150299033', 'TTFTT', '0000000000000000000000000000000000000000000000000000000000000000000000000000000000000000000000000027', null);
INSERT INTO `intention` VALUES ('1150299034', 'TFTTF', '0000000000000000000000000000000000000000000000000000000000000000000000000000000000000000000000000022', null);
INSERT INTO `intention` VALUES ('1150299035', 'TTFTT', '0000000000000000000000000000000000000000000000000000000000000000000000000000000000000000000000000027', null);
INSERT INTO `intention` VALUES ('1150299036', 'TFTTF', '0000000000000000000000000000000000000000000000000000000000000000000000000000000000000000000000000022', 's2');
INSERT INTO `intention` VALUES ('1150299037', 'TTFTT', '0000000000000000000000000000000000000000000000000000000000000000000000000000000000000000000000000027', 's1');
INSERT INTO `intention` VALUES ('1150299038', 'TFTTF', '0000000000000000000000000000000000000000000000000000000000000000000000000000000000000000000000000022', 's7');
INSERT INTO `intention` VALUES ('1150299039', 'TTFTT', '0000000000000000000000000000000000000000000000000000000000000000000000000000000000000000000000000027', 's1');
INSERT INTO `intention` VALUES ('1150299040', 'TFTTF', '0000000000000000000000000000000000000000000000000000000000000000000000000000000000000000000000000022', 's7');
INSERT INTO `intention` VALUES ('1150299041', 'TTFTT', '0000000000000000000000000000000000000000000000000000000000000000000000000000000000000000000000000027', 's3');
INSERT INTO `intention` VALUES ('1150299042', 'TFTTF', '0000000000000000000000000000000000000000000000000000000000000000000000000000000000000000000000000022', 's6');
INSERT INTO `intention` VALUES ('1150299043', 'TTFTT', '0000000000000000000000000000000000000000000000000000000000000000000000000000000000000000000000000027', 's3');
INSERT INTO `intention` VALUES ('1150299044', 'TFTTT', '0000000000000000000000000000000000000000000000000000000000000000000000000000000000000000000000000023', 's5');
INSERT INTO `intention` VALUES ('1150299045', 'TTFTF', '0000000000000000000000000000000000000000000000000000000000000000000000000000000000000000000000000026', 's4');
INSERT INTO `intention` VALUES ('1150299046', 'TFTTF', '0000000000000000000000000000000000000000000000000000000000000000000000000000000000000000000000000022', 's5');
INSERT INTO `intention` VALUES ('1150299047', 'FFFTT', '0000000000000000000000000000000000000000000000000000000000000000000000000000000000000000000000000003', 's9');
INSERT INTO `intention` VALUES ('1150299048', 'TFFTF', '0000000000000000000000000000000000000000000000000000000000000000000000000000000000000000000000000018', 's8');
INSERT INTO `intention` VALUES ('1150299049', 'TTFTT', '0000000000000000000000000000000000000000000000000000000000000000000000000000000000000000000000000027', 's1');
INSERT INTO `intention` VALUES ('1150299050', 'TFTTF', '0000000000000000000000000000000000000000000000000000000000000000000000000000000000000000000000000022', 's2');
INSERT INTO `intention` VALUES ('1150299051', 'TTFTT', '0000000000000000000000000000000000000000000000000000000000000000000000000000000000000000000000000027', 's1');
INSERT INTO `intention` VALUES ('1150299052', 'TFTTF', '0000000000000000000000000000000000000000000000000000000000000000000000000000000000000000000000000022', 's6');
INSERT INTO `intention` VALUES ('1150299053', 'TTFTT', '0000000000000000000000000000000000000000000000000000000000000000000000000000000000000000000000000027', 's3');
INSERT INTO `intention` VALUES ('1150299054', 'TFTTF', '0000000000000000000000000000000000000000000000000000000000000000000000000000000000000000000000000022', 's6');
INSERT INTO `intention` VALUES ('1150299055', 'TTFTT', '0000000000000000000000000000000000000000000000000000000000000000000000000000000000000000000000000027', 's3');
INSERT INTO `intention` VALUES ('1150299056', 'TFTTF', '0000000000000000000000000000000000000000000000000000000000000000000000000000000000000000000000000022', 's6');
INSERT INTO `intention` VALUES ('1150299057', 'TTFTT', '0000000000000000000000000000000000000000000000000000000000000000000000000000000000000000000000000027', 's2');
INSERT INTO `intention` VALUES ('1150299058', 'TFTTT', '0000000000000000000000000000000000000000000000000000000000000000000000000000000000000000000000000023', 's5');
INSERT INTO `intention` VALUES ('1150299059', 'TTFTF', '0000000000000000000000000000000000000000000000000000000000000000000000000000000000000000000000000026', 's4');
INSERT INTO `intention` VALUES ('1150299060', 'TFTTF', '0000000000000000000000000000000000000000000000000000000000000000000000000000000000000000000000000022', 's7');
INSERT INTO `intention` VALUES ('1150299061', 'FFFTT', '0000000000000000000000000000000000000000000000000000000000000000000000000000000000000000000000000003', 's9');
INSERT INTO `intention` VALUES ('1150299062', 'TFFTF', '0000000000000000000000000000000000000000000000000000000000000000000000000000000000000000000000000018', 's8');
INSERT INTO `intention` VALUES ('1150299063', 'TTFTT', '0000000000000000000000000000000000000000000000000000000000000000000000000000000000000000000000000027', 's1');
INSERT INTO `intention` VALUES ('1150299064', 'TFTTF', '0000000000000000000000000000000000000000000000000000000000000000000000000000000000000000000000000022', 's7');
INSERT INTO `intention` VALUES ('1150299065', 'TTFTT', '0000000000000000000000000000000000000000000000000000000000000000000000000000000000000000000000000027', 's1');
INSERT INTO `intention` VALUES ('1150299066', 'TFTTF', '0000000000000000000000000000000000000000000000000000000000000000000000000000000000000000000000000022', 's6');
INSERT INTO `intention` VALUES ('1150299067', 'TTFTT', '0000000000000000000000000000000000000000000000000000000000000000000000000000000000000000000000000027', 's2');
INSERT INTO `intention` VALUES ('1150299068', 'TFTTF', '0000000000000000000000000000000000000000000000000000000000000000000000000000000000000000000000000022', 's5');
INSERT INTO `intention` VALUES ('1150299069', 'TTFTT', '0000000000000000000000000000000000000000000000000000000000000000000000000000000000000000000000000027', 's2');
INSERT INTO `intention` VALUES ('1150299070', 'TFTTF', '0000000000000000000000000000000000000000000000000000000000000000000000000000000000000000000000000022', 's8');
INSERT INTO `intention` VALUES ('1150299071', 'TTFTT', '0000000000000000000000000000000000000000000000000000000000000000000000000000000000000000000000000027', 's2');
INSERT INTO `intention` VALUES ('1150299072', 'TFTTT', '0000000000000000000000000000000000000000000000000000000000000000000000000000000000000000000000000023', 's5');
INSERT INTO `intention` VALUES ('1150299073', 'TTFTF', '0000000000000000000000000000000000000000000000000000000000000000000000000000000000000000000000000026', null);
INSERT INTO `intention` VALUES ('1150299074', 'TFTTF', '0000000000000000000000000000000000000000000000000000000000000000000000000000000000000000000000000022', null);
INSERT INTO `intention` VALUES ('1150299075', 'FFFTT', '0000000000000000000000000000000000000000000000000000000000000000000000000000000000000000000000000003', null);
INSERT INTO `intention` VALUES ('1150299076', 'TFFTF', '0000000000000000000000000000000000000000000000000000000000000000000000000000000000000000000000000018', null);
INSERT INTO `intention` VALUES ('1150299077', 'TTFTT', '0000000000000000000000000000000000000000000000000000000000000000000000000000000000000000000000000027', null);
INSERT INTO `intention` VALUES ('1150299078', 'TFTTF', '0000000000000000000000000000000000000000000000000000000000000000000000000000000000000000000000000022', null);
INSERT INTO `intention` VALUES ('1150299079', 'TTFTT', '0000000000000000000000000000000000000000000000000000000000000000000000000000000000000000000000000027', null);
INSERT INTO `intention` VALUES ('1150299080', 'TFTTF', '0000000000000000000000000000000000000000000000000000000000000000000000000000000000000000000000000022', null);
INSERT INTO `intention` VALUES ('1150299081', 'TTFTT', '0000000000000000000000000000000000000000000000000000000000000000000000000000000000000000000000000027', null);
INSERT INTO `intention` VALUES ('1150299082', 'TFTTF', '0000000000000000000000000000000000000000000000000000000000000000000000000000000000000000000000000022', null);
INSERT INTO `intention` VALUES ('1150299083', 'TTFTT', '0000000000000000000000000000000000000000000000000000000000000000000000000000000000000000000000000027', null);
INSERT INTO `intention` VALUES ('1150299084', 'TFTTF', '0000000000000000000000000000000000000000000000000000000000000000000000000000000000000000000000000022', null);
INSERT INTO `intention` VALUES ('1150299085', 'TTFTT', '0000000000000000000000000000000000000000000000000000000000000000000000000000000000000000000000000027', null);
INSERT INTO `intention` VALUES ('1150299086', 'TFTTF', '0000000000000000000000000000000000000000000000000000000000000000000000000000000000000000000000000022', null);
INSERT INTO `intention` VALUES ('1150299087', 'TTFTT', '0000000000000000000000000000000000000000000000000000000000000000000000000000000000000000000000000027', null);
INSERT INTO `intention` VALUES ('1150299088', 'TFTTF', '0000000000000000000000000000000000000000000000000000000000000000000000000000000000000000000000000022', null);
INSERT INTO `intention` VALUES ('1150299089', 'TTFTT', '0000000000000000000000000000000000000000000000000000000000000000000000000000000000000000000000000027', null);
INSERT INTO `intention` VALUES ('1150299090', 'TFTTF', '0000000000000000000000000000000000000000000000000000000000000000000000000000000000000000000000000022', null);
INSERT INTO `intention` VALUES ('1150299091', 'TTFTT', '0000000000000000000000000000000000000000000000000000000000000000000000000000000000000000000000000027', null);
INSERT INTO `intention` VALUES ('1150299092', 'TFTTF', '0000000000000000000000000000000000000000000000000000000000000000000000000000000000000000000000000022', null);
INSERT INTO `intention` VALUES ('1150299093', 'TTFTT', '0000000000000000000000000000000000000000000000000000000000000000000000000000000000000000000000000027', null);
INSERT INTO `intention` VALUES ('1150299094', 'TFTTF', '0000000000000000000000000000000000000000000000000000000000000000000000000000000000000000000000000022', null);
INSERT INTO `intention` VALUES ('1150299095', 'TFFTT', '0000000000000000000000000000000000000000000000000000000000000000000000000000000000000000000000000019', null);
INSERT INTO `intention` VALUES ('1150299096', 'TFTTF', '0000000000000000000000000000000000000000000000000000000000000000000000000000000000000000000000000022', null);
INSERT INTO `intention` VALUES ('1150299097', 'TTTTT', '0000000000000000000000000000000000000000000000000000000000000000000000000000000000000000000000000031', null);
INSERT INTO `intention` VALUES ('1150299098', 'TTTTF', '0000000000000000000000000000000000000000000000000000000000000000000000000000000000000000000000000030', null);
INSERT INTO `intention` VALUES ('1150299099', 'FTFFT', '0000000000000000000000000000000000000000000000000000000000000000000000000000000000000000000000000009', null);
INSERT INTO `intention` VALUES ('1150299100', 'FFTTF', '0000000000000000000000000000000000000000000000000000000000000000000000000000000000000000000000000006', null);

-- ----------------------------
-- Table structure for `leaveregist`
-- ----------------------------
DROP TABLE IF EXISTS `leaveregist`;
CREATE TABLE `leaveregist` (
  `id` int(11) NOT NULL AUTO_INCREMENT,
  `leavetime` datetime DEFAULT NULL,
  `destination` varchar(255) DEFAULT NULL,
  `returntime` datetime DEFAULT NULL,
  `tel` varchar(255) DEFAULT NULL,
  `state` int(11) DEFAULT NULL,
  `stuId` varchar(255) DEFAULT NULL,
  `buildId` int(11) DEFAULT NULL,
  `stu` varchar(255) DEFAULT NULL,
  PRIMARY KEY (`id`) USING BTREE,
  UNIQUE KEY `stuId` (`stuId`) USING BTREE,
  KEY `FKE84B50ED3404EF16` (`stuId`) USING BTREE,
  KEY `buildId` (`buildId`) USING BTREE,
  KEY `FKE84B50ED2D7B9EFB` (`stu`),
  CONSTRAINT `FKE84B50ED2D7B9EFB` FOREIGN KEY (`stu`) REFERENCES `student` (`id`),
  CONSTRAINT `FKE84B50ED3404EF16` FOREIGN KEY (`stuId`) REFERENCES `student` (`id`),
  CONSTRAINT `leaveregist_ibfk_1` FOREIGN KEY (`buildId`) REFERENCES `building` (`id`) ON DELETE CASCADE ON UPDATE CASCADE
) ENGINE=InnoDB AUTO_INCREMENT=5 DEFAULT CHARSET=utf8 ROW_FORMAT=DYNAMIC;

-- ----------------------------
-- Records of leaveregist
-- ----------------------------
INSERT INTO `leaveregist` VALUES ('2', '2017-12-24 18:13:56', '梵蒂冈', '2017-12-24 18:15:15', '10086', '1', '1150299043', '8', null);
INSERT INTO `leaveregist` VALUES ('3', '2017-12-24 18:16:24', '墨西哥', null, '10010', '0', '1150299042', '8', null);
INSERT INTO `leaveregist` VALUES ('4', null, null, null, null, '0', '1150299011', null, null);

-- ----------------------------
-- Table structure for `maintenance`
-- ----------------------------
DROP TABLE IF EXISTS `maintenance`;
CREATE TABLE `maintenance` (
  `id` int(11) NOT NULL AUTO_INCREMENT,
  `time` datetime DEFAULT NULL,
  `description` varchar(255) DEFAULT NULL,
  `state` varchar(255) DEFAULT NULL,
  `position` varchar(255) DEFAULT NULL,
  `dormId` int(11) DEFAULT NULL,
  `stuId` varchar(255) DEFAULT NULL,
  `staffId` varchar(255) DEFAULT NULL,
  `type` varchar(255) DEFAULT NULL,
  PRIMARY KEY (`id`) USING BTREE,
  KEY `FK12EEF3133404EF16` (`stuId`) USING BTREE,
  KEY `FK12EEF31320F6B0D2` (`dormId`) USING BTREE,
  KEY `maintenance_ibfk_1` (`staffId`) USING BTREE,
  CONSTRAINT `FK12EEF31320F6B0D2` FOREIGN KEY (`dormId`) REFERENCES `dormitory` (`id`) ON DELETE CASCADE ON UPDATE CASCADE,
  CONSTRAINT `FK12EEF3133404EF16` FOREIGN KEY (`stuId`) REFERENCES `student` (`id`) ON DELETE CASCADE ON UPDATE CASCADE,
  CONSTRAINT `maintenance_ibfk_1` FOREIGN KEY (`staffId`) REFERENCES `staff` (`id`) ON DELETE CASCADE ON UPDATE CASCADE
) ENGINE=InnoDB AUTO_INCREMENT=4 DEFAULT CHARSET=utf8 ROW_FORMAT=DYNAMIC;

-- ----------------------------
-- Records of maintenance
-- ----------------------------
INSERT INTO `maintenance` VALUES ('1', '2017-12-18 16:34:19', '厕所的灯坏了', '已修复', '', '57', '1150299043', '1008', null);
INSERT INTO `maintenance` VALUES ('2', '2017-12-18 18:05:47', '厕所的淋浴喷头漏水', '已修复', null, '57', '1150299043', '1008', null);
INSERT INTO `maintenance` VALUES ('3', '2017-12-18 19:08:38', '空调出故障', '已修复', null, '57', '1150299043', '1008', null);

-- ----------------------------
-- Table structure for `major`
-- ----------------------------
DROP TABLE IF EXISTS `major`;
CREATE TABLE `major` (
  `id` int(11) NOT NULL AUTO_INCREMENT,
  `department` varchar(255) DEFAULT NULL,
  `major` varchar(255) DEFAULT NULL,
  PRIMARY KEY (`id`)
) ENGINE=InnoDB AUTO_INCREMENT=7 DEFAULT CHARSET=utf8;

-- ----------------------------
-- Records of major
-- ----------------------------
INSERT INTO `major` VALUES ('1', '信息与电子工程学院', '软件工程');
INSERT INTO `major` VALUES ('2', '信息与电子工程学院', '数字媒体');
INSERT INTO `major` VALUES ('3', '信息与电子工程学院', '通信技术');
INSERT INTO `major` VALUES ('4', '信息与电子工程学院', '物联网');
INSERT INTO `major` VALUES ('5', '信息与电子工程学院', '计算机');
INSERT INTO `major` VALUES ('6', '信息与电子工程学院', '电子信息');

-- ----------------------------
-- Table structure for `notice`
-- ----------------------------
DROP TABLE IF EXISTS `notice`;
CREATE TABLE `notice` (
  `id` int(11) NOT NULL AUTO_INCREMENT,
  `context` varchar(255) DEFAULT NULL,
  `time` datetime DEFAULT NULL,
  `staffId` varchar(255) DEFAULT NULL,
  PRIMARY KEY (`id`) USING BTREE,
  KEY `FKC20796D83309EC67` (`staffId`) USING BTREE,
  CONSTRAINT `FKC20796D83309EC67` FOREIGN KEY (`staffId`) REFERENCES `staff` (`id`)
) ENGINE=InnoDB AUTO_INCREMENT=5 DEFAULT CHARSET=utf8 ROW_FORMAT=DYNAMIC;

-- ----------------------------
-- Records of notice
-- ----------------------------
INSERT INTO `notice` VALUES ('1', '温馨提醒：为配合供电局检修需要，小和山校区12月10日、11日部分时间可能会停电，特别提醒各位同学在使用电器及插头后，请及时拔掉或者关闭电源，以免造成不必要的麻烦。浙江科技学院学工部、学生处', '2017-12-15 15:02:09', '1008');
INSERT INTO `notice` VALUES ('2', '今晚小和山统一修水管，夜里23-24点可能会停水，请同学们提前做好蓄水准备。', '2017-12-16 17:09:30', '1008');
INSERT INTO `notice` VALUES ('4', '今晚停电', '2018-01-09 11:11:48', '1008');

-- ----------------------------
-- Table structure for `rewards`
-- ----------------------------
DROP TABLE IF EXISTS `rewards`;
CREATE TABLE `rewards` (
  `id` int(11) NOT NULL AUTO_INCREMENT,
  `dormId` int(11) DEFAULT NULL,
  `context` varchar(255) DEFAULT NULL,
  `term` varchar(255) DEFAULT NULL,
  `staffId` varchar(11) DEFAULT NULL,
  PRIMARY KEY (`id`) USING BTREE,
  KEY `dormId` (`dormId`) USING BTREE,
  KEY `staffId` (`staffId`) USING BTREE,
  CONSTRAINT `rewards_ibfk_1` FOREIGN KEY (`dormId`) REFERENCES `dormitory` (`id`) ON DELETE CASCADE ON UPDATE CASCADE,
  CONSTRAINT `rewards_ibfk_2` FOREIGN KEY (`staffId`) REFERENCES `staff` (`id`) ON DELETE CASCADE ON UPDATE CASCADE
) ENGINE=InnoDB AUTO_INCREMENT=13 DEFAULT CHARSET=utf8 ROW_FORMAT=DYNAMIC;

-- ----------------------------
-- Records of rewards
-- ----------------------------
INSERT INTO `rewards` VALUES ('1', '57', '党员寝室', '2016-2017下', '1008');
INSERT INTO `rewards` VALUES ('2', '57', '学期文明寝室', '2017-2018上', '1008');
INSERT INTO `rewards` VALUES ('4', '2', '寝室有大功率电器', '2017-2018上', '1008');
INSERT INTO `rewards` VALUES ('5', '2', '学期文明寝室', '2017-2018上', '1008');
INSERT INTO `rewards` VALUES ('12', '52', '优秀寝室', '2016-2017上', '1008');

-- ----------------------------
-- Table structure for `staff`
-- ----------------------------
DROP TABLE IF EXISTS `staff`;
CREATE TABLE `staff` (
  `id` varchar(255) NOT NULL,
  `realName` varchar(255) DEFAULT NULL,
  `password` varchar(255) DEFAULT NULL,
  `tel` varchar(255) DEFAULT NULL,
  PRIMARY KEY (`id`)
) ENGINE=InnoDB DEFAULT CHARSET=utf8;

-- ----------------------------
-- Records of staff
-- ----------------------------
INSERT INTO `staff` VALUES ('1001', '张二', '1001', '15147859547');
INSERT INTO `staff` VALUES ('1002', '王鹏', '1002', null);
INSERT INTO `staff` VALUES ('1003', '王平', '1003', null);
INSERT INTO `staff` VALUES ('1004', '陈希', '1004', null);
INSERT INTO `staff` VALUES ('1005', '张兰', '1005', null);
INSERT INTO `staff` VALUES ('1006', '吴晓萍', '1006', null);
INSERT INTO `staff` VALUES ('1007', '张丽丽', '1007', null);
INSERT INTO `staff` VALUES ('1008', '林洁', '1008', null);
INSERT INTO `staff` VALUES ('1009', '黄莉', '1009', null);
INSERT INTO `staff` VALUES ('2001', '莫聪', null, null);
INSERT INTO `staff` VALUES ('2002', '谢春花', null, null);
INSERT INTO `staff` VALUES ('2003', '周洲', null, null);
INSERT INTO `staff` VALUES ('2004', '模块', null, null);
INSERT INTO `staff` VALUES ('2005', '温江', null, null);
INSERT INTO `staff` VALUES ('2006', '文泰', null, null);
INSERT INTO `staff` VALUES ('2007', '李安', null, null);
INSERT INTO `staff` VALUES ('2008', '朱才', null, null);
INSERT INTO `staff` VALUES ('2009', '赵慧', null, null);
INSERT INTO `staff` VALUES ('2010', '童丽丽', null, null);
INSERT INTO `staff` VALUES ('2011', '董事', null, null);
INSERT INTO `staff` VALUES ('2012', '李清才', null, null);
INSERT INTO `staff` VALUES ('2013', '李白', null, null);
INSERT INTO `staff` VALUES ('2014', '李清照', null, null);
INSERT INTO `staff` VALUES ('2015', '苏东', null, null);

-- ----------------------------
-- Table structure for `student`
-- ----------------------------
DROP TABLE IF EXISTS `student`;
CREATE TABLE `student` (
  `id` varchar(255) NOT NULL,
  `password` varchar(255) DEFAULT NULL,
  `realName` varchar(255) DEFAULT NULL,
  `grade` varchar(255) DEFAULT NULL,
  `gender` varchar(255) DEFAULT NULL,
  `dormId` int(11) DEFAULT NULL,
  `majorId` int(11) DEFAULT NULL,
  PRIMARY KEY (`id`),
  KEY `FK8FFE823BD55E7FD9` (`majorId`),
  KEY `FK8FFE823B20F6B0D2` (`dormId`),
  KEY `dormId` (`dormId`) USING BTREE,
  KEY `majorId` (`majorId`) USING BTREE,
  CONSTRAINT `FK8FFE823B20F6B0D2` FOREIGN KEY (`dormId`) REFERENCES `dormitory` (`id`),
  CONSTRAINT `FK8FFE823BD55E7FD9` FOREIGN KEY (`majorId`) REFERENCES `major` (`id`)
) ENGINE=InnoDB DEFAULT CHARSET=utf8;

-- ----------------------------
-- Records of student
-- ----------------------------
INSERT INTO `student` VALUES ('1150299002', '1150299002', '李埼耀', '2014级', '男', null, '1');
INSERT INTO `student` VALUES ('1150299004', '1150299004', '蔡靖楠', '2014级', '男', null, '1');
INSERT INTO `student` VALUES ('1150299005', '1150299005', '林创伟', '2014级', '男', null, '1');
INSERT INTO `student` VALUES ('1150299006', '1150299006', '史敏悦', '2014级', '女', '4', '1');
INSERT INTO `student` VALUES ('1150299007', '1150299007', '征杭勇', '2014级', '男', '4', '1');
INSERT INTO `student` VALUES ('1150299008', '1150299008', '陈伟', '2014级', '男', '4', '1');
INSERT INTO `student` VALUES ('1150299009', '1150299009', '姚一城', '2014级', '男', null, '1');
INSERT INTO `student` VALUES ('1150299010', '1150299010', '梁晓莹', '2014级', '女', '4', '1');
INSERT INTO `student` VALUES ('1150299011', '1150299011', '黄栋栋', '2014级', '男', '2', '1');
INSERT INTO `student` VALUES ('1150299012', '1150299012', '何华峰', '2014级', '男', '2', '1');
INSERT INTO `student` VALUES ('1150299013', '1150299013', '陈泽炫', '2014级', '男', '3', '1');
INSERT INTO `student` VALUES ('1150299014', '1150299014', '骆润贻', '2014级', '女', '4', '1');
INSERT INTO `student` VALUES ('1150299015', '1150299015', '陆敏', '2014级', '女', '117', '1');
INSERT INTO `student` VALUES ('1150299016', '1150299016', '顾梦佳', '2014级', '女', '118', '1');
INSERT INTO `student` VALUES ('1150299017', '1150299017', '魏祖昌', '2014级', '男', '3', '1');
INSERT INTO `student` VALUES ('1150299018', '1150299018', '陈夏涵', '2014级', '女', '118', '1');
INSERT INTO `student` VALUES ('1150299019', '1150299019', '盛永铭', '2014级', '男', '3', '1');
INSERT INTO `student` VALUES ('1150299036', '1150299036', '何敏杰', '2014级', '女', '118', '1');
INSERT INTO `student` VALUES ('1150299037', '1150299037', '陈雨佳', '2014级', '女', '118', '1');
INSERT INTO `student` VALUES ('1150299038', '1150299038', '徐亦柯', '2014级', '男', '3', '1');
INSERT INTO `student` VALUES ('1150299039', '1150299039', '叶子涵', '2014级', '男', '4', '1');
INSERT INTO `student` VALUES ('1150299040', '1150299040', '沈家衡', '2014级', '男', '4', '1');
INSERT INTO `student` VALUES ('1150299041', '1150299041', '王凯峰', '2014级', '男', '4', '1');
INSERT INTO `student` VALUES ('1150299042', '1150299042', '张江浩', '2014级', '男', '56', '1');
INSERT INTO `student` VALUES ('1150299043', '1150299043', '童汝唐', '2014级', '男', '57', '1');
INSERT INTO `student` VALUES ('1150299044', '1150299044', '陈超凡', '2014级', '男', '5', '1');
INSERT INTO `student` VALUES ('1150299045', '1150299045', '蒋时阳', '2014级', '男', '5', '1');
INSERT INTO `student` VALUES ('1150299046', '1150299046', '李文东', '2014级', '男', '5', '1');
INSERT INTO `student` VALUES ('1150299047', '1150299047', '张挺', '2014级', '男', '6', '1');
INSERT INTO `student` VALUES ('1150299048', '1150299048', '王嘉杰', '2014级', '男', '6', '1');
INSERT INTO `student` VALUES ('1150299049', '1150299049', '金沈婷', '2014级', '女', '119', '1');
INSERT INTO `student` VALUES ('1150299050', '1150299050', '黄思怡', '2014级', '女', '119', '1');
INSERT INTO `student` VALUES ('1150299051', '1150299051', '冯海婧', '2014级', '女', '119', '1');
INSERT INTO `student` VALUES ('1150299052', '1150299052', '朱黄耀', '2014级', '男', '6', '1');
INSERT INTO `student` VALUES ('1150299053', '1150299053', '姚伟晓', '2014级', '男', '6', '1');
INSERT INTO `student` VALUES ('1150299054', '1150299054', '吴佳杰', '2014级', '男', '7', '1');
INSERT INTO `student` VALUES ('1150299055', '1150299055', '刘沛锐', '2014级', '男', '7', '1');
INSERT INTO `student` VALUES ('1150299056', '1150299056', '项晨', '2014级', '男', '7', '1');
INSERT INTO `student` VALUES ('1150299057', '1150299057', '揭荣', '2014级', '男', '7', '1');
INSERT INTO `student` VALUES ('1150299058', '1150299058', '曾鸿雨', '2014级', '男', '8', '1');
INSERT INTO `student` VALUES ('1150299059', '1150299059', '熊雨翔', '2014级', '男', '8', '1');
INSERT INTO `student` VALUES ('1150299060', '1150299060', '叶天华', '2014级', '男', '8', '1');
INSERT INTO `student` VALUES ('1150299061', '1150299061', '洪欣', '2014级', '男', '8', '1');
INSERT INTO `student` VALUES ('1150299062', '1150299062', '林良杰', '2014级', '男', '9', '1');
INSERT INTO `student` VALUES ('1150299063', '1150299063', '邹逸伦', '2014级', '男', '9', '1');
INSERT INTO `student` VALUES ('1150299064', '1150299064', '邵晓艳', '2014级', '男', '9', '1');
INSERT INTO `student` VALUES ('1150299065', '1150299065', '孙韦坡', '2014级', '男', '9', '1');
INSERT INTO `student` VALUES ('1150299066', '1150299066', '骆锴', '2014级', '男', '10', '1');
INSERT INTO `student` VALUES ('1150299067', '1150299067', '毛明辉', '2014级', '男', '10', '1');
INSERT INTO `student` VALUES ('1150299068', '1150299068', '胡涛', '2014级', '男', '10', '1');
INSERT INTO `student` VALUES ('1150299069', '1150299069', '金煜烜', '2014级', '男', '10', '1');
INSERT INTO `student` VALUES ('1150299070', '1150299070', '叶连松', '2014级', '男', '11', '1');
INSERT INTO `student` VALUES ('1150299071', '1150299071', '来一杰', '2014级', '男', '11', '1');
INSERT INTO `student` VALUES ('1150299072', '1150299072', '傅郑锋', '2014级', '男', '11', '1');

-- ----------------------------
-- Table structure for `visitrecord`
-- ----------------------------
DROP TABLE IF EXISTS `visitrecord`;
CREATE TABLE `visitrecord` (
  `id` int(11) NOT NULL AUTO_INCREMENT,
  `personName` varchar(255) DEFAULT NULL,
  `visitTime` datetime DEFAULT NULL,
  `leaveTime` datetime DEFAULT NULL,
  `idCardNo` varchar(255) DEFAULT NULL,
  `buildId` int(11) DEFAULT NULL,
  PRIMARY KEY (`id`),
  UNIQUE KEY `buildId` (`buildId`),
  KEY `FKCA3C555CCA6E75B1` (`buildId`),
  CONSTRAINT `FKCA3C555CCA6E75B1` FOREIGN KEY (`buildId`) REFERENCES `building` (`id`)
) ENGINE=InnoDB DEFAULT CHARSET=utf8;

-- ----------------------------
-- Records of visitrecord
-- ----------------------------
